{
  "A01": 0.14017599821090698,
  "A61": 0.13190199434757233,
  "A16": 0.12868699431419373,
  "A45": 0.11557800322771072,
  "A44": 0.11042500287294388,
  "A33": 0.09432400017976761,
  "A58": 0.08769000321626663,
  "A18": 0.08683899790048599,
  "A35": 0.08428700268268585,
  "A60": 0.08237099647521973,
  "A02": 0.07838200032711029,
  "A15": 0.07446400076150894,
  "A22": 0.07216200232505798,
  "A21": 0.06833799928426743,
  "A23": 0.0679830014705658,
  "A36": 0.06721600145101547,
  "A37": 0.06235099956393242,
  "A54": 0.062123000621795654,
  "A14": 0.06205600127577782,
  "A19": 0.06197100132703781
}